Model,RMSE_SR_Mean,RMSE_SR_Std,RMSE_MRR_Mean,RMSE_MRR_Std
KNN,2.2392777814331075,0.9114460503092826,52.68667596984858,30.087781618492095
Linear Regression,4.33291389011758,1.1535436048024685,157.73053437986442,53.25158492524942
Random Forest,1.7777113630878774,0.9160081393871964,59.991218217700904,36.06278264381839
SVM,4.1392401601937205,1.784802952792537,191.91198705568553,130.57462491827948
