Estimators,RMSE_SR,RMSE_MRR
20,1.5706107229030057,73.93866051813553
