Model,RMSE_SR_Mean,RMSE_SR_Std,RMSE_SR_Mean,RMSE_SR_Std
RF,1.7777113630878774,0.9160081393871964,59.991218217700904,36.06278264381839
